symbol,timestamp,price,bid,ask
BTC-USD,2023-10-01T00:00:00Z,50000.00,49950.00,50050.00
BTC-USD,2023-10-01T01:00:00Z,50100.00,50050.00,50150.00
BTC-USD,2023-10-01T02:00:00Z,50200.00,50150.00,50250.00
BTC-USD,2023-10-01T03:00:00Z,50300.00,50200.00,50350.00
BTC-USD,2023-10-01T04:00:00Z,50400.00,50300.00,50500.00
BTC-USD,2023-10-01T05:00:00Z,50500.00,50400.00,50600.00
BTC-USD,2023-10-01T06:00:00Z,50600.00,50500.00,50700.00
BTC-USD,2023-10-01T07:00:00Z,50700.00,50600.00,50800.00
BTC-USD,2023-10-01T08:00:00Z,50800.00,50700.00,50900.00
BTC-USD,2023-10-01T09:00:00Z,50900.00,50800.00,51000.00